product_id,name,content,customer_id,customer_full_name,avatar,customer_joined_time,customer_total_review,review_id,rating,seller_id,seller_name,review_created_date,delivery_date,explain,content_length,num_images,num_vote_agree
153978495,Xe Máy Sirius Phiên Bản Phanh Cơ Màu Mới 2022,Missing,7155234,Võ Tú Huy,//tiki.vn/assets/img/avatar.png,96.0,14,17318863,5,254275,Xe Máy Sáng Thu,2022-08-06 15:38:00,2022-06-09 09:19:00,1440.0,0,0,4
8134255,Xe Máy Yamaha NVX 155 - Phiên Bản DOXOU,Missing,8208059,Trần Hoài Thanh,https://s120.avatar.talk.zdn.vn/0/e/0/2/3/120/60db215416d6433a1331b7c30227923d.jpg,96.0,43,17952974,5,8189,Yamaha Town Long Thành Đạt,2022-10-14 00:17:00,2022-10-13 15:15:00,9.0,0,0,0
8134255,Xe Máy Yamaha NVX 155 - Phiên Bản DOXOU,Missing,5684803,nghia vu,//tiki.vn/assets/img/avatar.png,108.0,2,17841626,5,8189,Yamaha Town Long Thành Đạt,2022-10-01 12:05:00,2022-09-19 14:31:00,288.0,0,0,4
132189382,Phiếu Mua Xe Máy,"Tư vấn rất rõ ràng , bạn tư vấn hài hước vui vẻ . Cảm ơn HEAD Tân Long Vân 4",14997480,Thái Hào ,https://salt.tikicdn.com/cache/512x512/ts/avatar/de/7d/40/ac99d162b368132989a601c0eda5f024.png,72.0,31,19151148,5,125706,HEAD Tân Long Vân,2023-05-02 17:02:00,2022-12-27 08:07:00,2880.0,76,1,0
132189382,Phiếu Mua Xe Máy,Thủ tục xác nhận nhanh chóng. Giao hành thần tốc. Nhân viên bán hành tư vấn tận tình. Nhiều quà tặng kèm theo khi sử dụng phiếu mua hành,26739615,Bình Vương,//tiki.vn/assets/img/avatar.png,48.0,19,16064269,5,125706,Honda Tân Long Vân,2022-04-24 10:11:00,2022-04-24 10:05:00,0.1,136,1,0
132189382,Phiếu Mua Xe Máy,"Xe sạch đẹp , nhân viên nhiệt tình",28054778,Việt Anh,//tiki.vn/assets/img/avatar.png,48.0,3,19418693,5,282426,HEAD THANH VÂN,2023-07-29 18:42:00,2023-07-28 12:19:00,24.0,34,1,0
132189382,Phiếu Mua Xe Máy,"Thủ tục nhanh chóng, nhân viên tư vấn nhiệt tình. Điểm 10 chất lượng sản phẩm và dịch vụ khuyến mãi kèm theo của cửa hàng",26739615,Bình Vương,//tiki.vn/assets/img/avatar.png,48.0,19,16083114,5,125706,Honda Tân Long Vân,2022-04-25 14:50:00,2022-04-25 14:23:00,0.45,121,1,0
132189382,Phiếu Mua Xe Máy,Missing,11578646,Phạm Thị Thu Thảo,//tiki.vn/assets/img/avatar.png,84.0,12,19728733,5,125706,HEAD Tân Long Vân,2024-01-15 21:24:00,2024-01-15 19:49:00,2.0,0,0,0
132189382,Phiếu Mua Xe Máy,Missing,8810800,Phạm Đào Kiều Quyên,https://salt.tikicdn.com/cache/512x512/ts/avatar/2c/4b/62/745d71f68febd39e54053097ed6eee07.png,84.0,2,19701540,5,125706,HEAD Tân Long Vân,2023-12-29 12:34:00,2023-08-07 17:45:00,3600.0,0,0,0
132189382,Phiếu Mua Xe Máy,Missing,20670627,XUAN TRUONG,//tiki.vn/assets/img/avatar.png,60.0,1,19544448,5,125706,HEAD Tân Long Vân,2023-09-21 20:05:00,2023-07-31 13:39:00,1440.0,0,0,0
132189382,Phiếu Mua Xe Máy,Rất lã tận tâm .,14997480,Thái Hào ,https://salt.tikicdn.com/cache/512x512/ts/avatar/de/7d/40/ac99d162b368132989a601c0eda5f024.png,72.0,31,19218462,5,125706,HEAD Tân Long Vân,2023-05-22 12:33:00,2023-05-20 14:53:00,48.0,16,0,0
132189382,Phiếu Mua Xe Máy,"Nhân viên nhiệt tình, cửa hàng chính hãng, giá xe phải chăng, hài lòng",26489593,Trần trang,//tiki.vn/assets/img/avatar.png,48.0,2,17786642,5,125706,HEAD Tân Long Vân,2022-09-24 21:36:00,2022-09-24 17:18:00,4.0,70,0,0
